Metric,Value
R2 Score,0.8706753375726197
MSE,929484248122.9836
RMSE,964097.6341237352
